model,node,n,dur_min,dur_p5,dur_p50,dur_p95,dur_mean,tot_p50,q_p50,q_frac
Qwen3.8-27B-GGUF,node-01,4,0.536,0.53825,0.5585,0.5702499999999999,0.556,0.585,0.0265,1.0
SecGPT-7B-GGUF,node-01,9,0.021,0.0222,0.078,1.9109999999999998,0.475556,0.079,0.001,1.0
all-minilm:l6v2,node-01,2,0.111,0.11395,0.1405,0.16705,0.1405,0.14150000000000001,0.001,1.0
bge-m3:latest,node-01,23,0.011,0.011,0.017,2.3101,0.70813,0.017,0.001,0.869565
legalone:8b,node-01,5049,1.13,7.006,8.569,10.339599999999999,8.744271,8.586,0.0,0.392553
mms-tts:eng,node-01,23,0.006,0.0061,0.059,0.42139999999999994,0.124739,0.059,0.001,0.913043
qwen2.5:0.5b,node-01,1,0.28,0.28,0.28,0.28,0.28,0.28,0.001,1.0
qwen2.5:3b,node-01,2,0.402,0.55125,1.8944999999999999,3.2377499999999997,1.8945,1.8944999999999999,0.0,0.0
qwen2.5:7b,node-01,180,0.208,0.27795000000000003,1.6575,14.877049999999954,4.72805,1.6575,0.001,0.822222
qwen2:0.5b,node-01,18,0.051,0.056100000000000004,0.1555,3.1186499999999997,0.726667,0.16699999999999998,0.001,0.888889
qwen3:4b,node-01,22,0.118,0.13015000000000002,0.3235,0.9718499999999999,0.459136,0.324,0.001,0.681818
sdxl-base-1.0,node-01,1,13.716,13.716,13.716,13.716,13.716,13.716,0.001,1.0
unknown,node-01,1,0.004,0.004,0.004,0.004,0.004,0.005,0.001,1.0
bge-m3:567m,node-02,10,0.219,0.24555000000000002,2.9305000000000003,3.15815,1.942,2.931,0.001,0.7
bge-m3:latest,node-02,1175,0.02,0.031,0.05,2.633499999999998,0.421056,0.051,0.001,0.945532
legalone:8b,node-02,21,2.901,2.961,4.817,12.666,5.662667,4.818,0.001,1.0
qwen2.5:0.5b,node-02,12,0.269,0.36965000000000003,1.1669999999999998,2.1962499999999996,1.184833,1.1680000000000001,0.001,1.0
qwen2.5:14b,node-02,19,0.781,0.8449,4.902,10.740899999999998,5.004526,4.903,0.001,0.842105
qwen2.5:7b,node-02,292,0.285,0.4411,2.0395000000000003,18.380499999999998,3.935253,2.0404999999999998,0.001,0.921233
qwen3.5:9b,node-02,65,1.537,1.5868,5.65,53.25719999999999,14.217231,6.365,0.001,0.861538
qwen3.8:27b,node-02,1,7.944,7.944,7.944,7.944,7.944,7.945,0.001,1.0
SecGPT-7B-GGUF,node-03,1,0.197,0.197,0.197,0.197,0.197,0.199,0.002,1.0
bge-m3:latest,node-03,1041,0.013,0.014,0.017,0.045,0.32033,0.018,0.001,0.981748
legalone:8b,node-03,20,2.621,2.6380999999999997,4.5855,12.50665,6.0525,4.5865,0.001,0.95
nomic-embed-text:latest,node-03,1,1.013,1.013,1.013,1.013,1.013,1.014,0.001,1.0
qwen2.5:14b,node-03,12,1.511,1.5231,1.5979999999999999,3.1783499999999973,1.878167,1.5985,0.001,0.916667
qwen2.5:7b,node-03,41,0.031,0.18,0.411,4.042,1.286244,0.412,0.001,0.97561
qwen3.5:9b,node-03,10,0.554,0.6098,1.5295,16.30899999999997,4.0055,1.5305,0.001,1.0
sdxl-inpainting-0.1,node-03,1,0.478,0.478,0.478,0.478,0.478,0.479,0.001,1.0
unknown,node-03,1,0.002,0.002,0.002,0.002,0.002,0.003,0.001,1.0
bge-m3:latest,node-04,12,0.02,0.0211,0.036000000000000004,0.2537499999999998,0.073583,0.0375,0.001,0.916667
legalone:4b,node-04,1,18.194,18.194,18.194,18.194,18.194,18.194,0.001,1.0
qwen2.5:7b,node-04,2,30.111,30.67745,35.7755,40.873549999999994,35.7755,35.776,0.001,1.0
unknown,node-04,1,0.004,0.004,0.004,0.004,0.004,0.005,0.001,1.0
bge-m3:latest,node-05,18,0.024,0.024,0.0275,1.0036,0.158722,0.0285,0.001,0.888889
legalone:8b,node-05,1,0.459,0.459,0.459,0.459,0.459,0.46,0.001,1.0
qwen2.5:7b,node-05,2,7.308,7.6165,10.393,13.1695,10.393,10.394,0.0005,0.5
unknown,node-05,1,0.004,0.004,0.004,0.004,0.004,0.005,0.001,1.0
bge-m3:567m,node-06,4,0.086,0.0881,1.032,3.917299999999999,1.603,1.0330000000000001,0.001,1.0
qwen2.5:14b,node-06,10,0.301,0.30685,0.623,11.753699999999979,2.5836,0.624,0.001,1.0
qwen2.5:7b,node-06,146,0.118,0.19425,0.487,5.3655,1.256438,0.488,0.001,0.965753
qwen3-embedding:4b,node-06,1,6.527,6.527,6.527,6.527,6.527,6.528,0.001,1.0
unknown,node-06,1,0.002,0.002,0.002,0.002,0.002,0.003,0.001,1.0
bge-m3,node-07,231,0.075,0.079,0.089,0.1745,0.274545,0.089,0.001,0.917749
deepseek-r1:14b,node-07,6,0.034,0.051250000000000004,0.1075,0.15275,0.104833,0.108,0.001,1.0
qwen3:8b,node-07,52,3.203,3.69205,6.0275,16.48894999999999,7.789231,6.0280000000000005,0.001,0.846154
deepseek-r1:14b,node-08,3,15.338,15.995999999999999,21.918,121.7919,56.715,21.919,0.001,1.0
qwen2.5:7b,node-08,1,3.846,3.846,3.846,3.846,3.846,3.847,0.001,1.0
qwen2.5:7b,node-09,8,0.613,1.6273000000000002,5.5489999999999995,17.895549999999997,7.895125,5.55,0.001,0.875
qwen3.5:9b,node-09,3,5.552,7.0066999999999995,20.099,24.619699999999998,16.924333,20.1,0.001,1.0
qwen2.5:7b,node-10,5,0.528,1.2374,4.134,6.1524,3.9896,4.136,0.001,1.0
qwen2.5:7b,node-11,4,5.176,6.3389500000000005,13.5795,21.1592,13.67925,13.5805,0.001,1.0
